<Ui xmlns="http://www.blizzard.com/wow/ui/" xmlns:xsi="http://www.w3.org/2001/XMLSchema-instance" xsi:schemaLocation="http://www.blizzard.com/wow/ui/
..\FrameXML\UI.xsd">
	<Frame name="MarketFinderFrame" parent="UIParent" hidden="true" frameStrata="MEDIUM" enableMouse="true" clampedToScreen="true">
		<Size>
			<AbsDimension x="600" y="500"/>
		</Size>
		<Anchors>
			<Anchor point="CENTER"/>
		</Anchors>
		<Backdrop bgFile="Interface\DialogFrame\UIDialogBoxBackground" edgeFile="Interface\DialogFrame\UIBorder" tile="true">
			<BackgroundInsets>
				<AbsInset left="11" right="12" top="12" bottom="11"/>
			</BackgroundInsets>
			<TileSize>
				<AbsValue val="32"/>
			</TileSize>
			<EdgeSize>
				<AbsValue val="32"/>
			</EdgeSize>
		</Backdrop>
		<Frames>
			<Button name="MarketFinderCloseButton" inherits="UIPanelCloseButton">
				<Anchors>
					<Anchor point="TOPRIGHT">
						<Offset>
							<AbsDimension x="-5" y="-5"/>
						</Offset>
					</Anchor>
				</Anchors>
				<Scripts>
					<OnClick>
						MarketFinderFrame:Hide()
					</OnClick>
				</Scripts>
			</Button>
			<Frame name="MarketFinderTitle">
				<Size>
					<AbsDimension x="600" y="30"/>
				</Size>
				<Anchors>
					<Anchor point="TOP">
						<Offset>
							<AbsDimension x="0" y="-10"/>
						</Offset>
					</Anchor>
				</Anchors>
				<Layers>
					<Layer level="ARTWORK">
						<FontString name="MarketFinderTitleText" inherits="GameFontNormal" text="Market Finder">
							<Anchors>
								<Anchor point="CENTER"/>
							</Anchors>
						</FontString>
						<Texture name="MarketFinderTitleUnderline" file="Interface\TradeSkillFrame\UI-TradeSkill-LinkButton">
							<Size>
								<AbsDimension x="570" y="16"/>
							</Size>
							<Anchors>
								<Anchor point="TOP" relativeTo="MarketFinderTitleText" relativePoint="BOTTOM">
									<Offset>
										<AbsDimension x="0" y="-3"/>
									</Offset>
								</Anchor>
							</Anchors>
							<TexCoords left="0" right="1.0" top="0.5" bottom="0.75"/>
						</Texture>
					</Layer>
				</Layers>
			</Frame>
			
			<!-- Tab buttons -->
			<Button name="MarketFinderSearchTab" inherits="UIPanelButtonTemplate" text="Search">
				<Size>
					<AbsDimension x="100" y="22"/>
				</Size>
				<Anchors>
					<Anchor point="TOPLEFT" relativeTo="MarketFinderTitle" relativePoint="BOTTOMLEFT">
						<Offset>
							<AbsDimension x="15" y="-10"/>
						</Offset>
					</Anchor>
				</Anchors>
				<Scripts>
					<OnClick>
						MarketFinder:ShowSearchTab()
					</OnClick>
				</Scripts>
			</Button>
			<Button name="MarketFinderShoppingTab" inherits="UIPanelButtonTemplate" text="Shopping Lists">
				<Size>
					<AbsDimension x="100" y="22"/>
				</Size>
				<Anchors>
					<Anchor point="LEFT" relativeTo="MarketFinderSearchTab" relativePoint="RIGHT">
						<Offset>
							<AbsDimension x="5" y="0"/>
						</Offset>
					</Anchor>
				</Anchors>
				<Scripts>
					<OnClick>
						MarketFinder:ShowShoppingTab()
					</OnClick>
				</Scripts>
			</Button>
			<Button name="MarketFinderAlertsTab" inherits="UIPanelButtonTemplate" text="Price Alerts">
				<Size>
					<AbsDimension x="100" y="22"/>
				</Size>
				<Anchors>
					<Anchor point="LEFT" relativeTo="MarketFinderShoppingTab" relativePoint="RIGHT">
						<Offset>
							<AbsDimension x="5" y="0"/>
						</Offset>
					</Anchor>
				</Anchors>
				<Scripts>
					<OnClick>
						MarketFinder:ShowAlertsTab()
					</OnClick>
				</Scripts>
			</Button>
			<Button name="MarketFinderAutoBuyTab" inherits="UIPanelButtonTemplate" text="Auto-Buy">
				<Size>
					<AbsDimension x="100" y="22"/>
				</Size>
				<Anchors>
					<Anchor point="LEFT" relativeTo="MarketFinderAlertsTab" relativePoint="RIGHT">
						<Offset>
							<AbsDimension x="5" y="0"/>
						</Offset>
					</Anchor>
				</Anchors>
				<Scripts>
					<OnClick>
						MarketFinder:ShowAutoBuyTab()
					</OnClick>
				</Scripts>
			</Button>
			<Button name="MarketFinderAutoSellTab" inherits="UIPanelButtonTemplate" text="Auto-Sell"> <!-- New: Auto-Sell tab -->
				<Size>
					<AbsDimension x="100" y="22"/>
				</Size>
				<Anchors>
					<Anchor point="LEFT" relativeTo="MarketFinderAutoBuyTab" relativePoint="RIGHT">
						<Offset>
							<AbsDimension x="5" y="0"/>
						</Offset>
					</Anchor>
				</Anchors>
				<Scripts>
					<OnClick>
						MarketFinder:ShowAutoSellTab()
					</OnClick>
				</Scripts>
			</Button>
			<Button name="MarketFinderSettingsTab" inherits="UIPanelButtonTemplate" text="Settings">
				<Size>
					<AbsDimension x="100" y="22"/>
				</Size>
				<Anchors>
					<Anchor point="LEFT" relativeTo="MarketFinderAutoSellTab" relativePoint="RIGHT"> <!-- Updated: Position relative to Auto-Sell tab -->
						<Offset>
							<AbsDimension x="5" y="0"/>
						</Offset>
					</Anchor>
				</Anchors>
				<Scripts>
					<OnClick>
						MarketFinder:ShowSettingsTab()
					</OnClick>
				</Scripts>
			</Button>
			
			<!-- Search Tab -->
			<Frame name="MarketFinderSearchFrame">
				<Size>
					<AbsDimension x="570" y="380"/>
				</Size>
				<Anchors>
					<Anchor point="TOPLEFT" relativeTo="MarketFinderSearchTab" relativePoint="BOTTOMLEFT">
						<Offset>
							<AbsDimension x="0" y="-10"/>
						</Offset>
					</Anchor>
				</Anchors>
				<Frames>
					<EditBox name="MarketFinderSearchBox" inherits="InputBoxTemplate">
						<Size>
							<AbsDimension x="400" y="20"/>
						</Size>
						<Anchors>
							<Anchor point="TOPLEFT">
								<Offset>
									<AbsDimension x="15" y="-10"/>
								</Offset>
							</Anchor>
						</Anchors>
						<Scripts>
							<OnEnterPressed>
								MarketFinder:SearchForMarkets(self:GetText())
								self:ClearFocus()
							</OnEnterPressed>
							<OnEscapePressed>
								self:ClearFocus()
							</OnEscapePressed>
							<OnShow>
								self:SetFocus()
							</OnShow>
						</Scripts>
					</EditBox>
					<Button name="MarketFinderSearchButton" inherits="UIPanelButtonTemplate" text="Search">
						<Size>
							<AbsDimension x="80" y="22"/>
						</Size>
						<Anchors>
							<Anchor point="LEFT" relativeTo="MarketFinderSearchBox" relativePoint="RIGHT">
								<Offset>
									<AbsDimension x="10" y="0"/>
								</Offset>
							</Anchor>
						</Anchors>
						<Scripts>
							<OnClick>
								MarketFinder:SearchForMarkets(MarketFinderSearchBox:GetText())
							</OnClick>
						</Scripts>
					</Button>
					<Frame name="MarketFinderResultsFrame">
						<Size>
							<AbsDimension x="540" y="280"/>
						</Size>
						<Anchors>
							<Anchor point="TOPLEFT" relativeTo="MarketFinderSearchBox" relativePoint="BOTTOMLEFT">
								<Offset>
									<AbsDimension x="0" y="-15"/>
								</Offset>
							</Anchor>
						</Anchors>
						<Backdrop bgFile="Interface\Tooltips\UI-Tooltip-Background" edgeFile="Interface\Tooltips\UI-Tooltip-Border" tile="true">
							<EdgeSize>
								<AbsValue val="16"/>
							</EdgeSize>
							<TileSize>
								<AbsValue val="16"/>
							</TileSize>
							<BackgroundInsets>
								<AbsInset left="5" right="5" top="5" bottom="5"/>
							</BackgroundInsets>
						</Backdrop>
						<Layers>
							<Layer level="ARTWORK">
								<FontString name="MarketFinderResultsText" inherits="GameFontNormal" text="Enter an item name above to search for markets.">
									<Anchors>
										<Anchor point="CENTER"/>
									</Anchors>
								</FontString>
							</Layer>
						</Layers>
						<Scripts>
							<OnLoad>
								self:SetBackdropColor(0, 0, 0, 0.5)
							</OnLoad>
						</Scripts>
					</Frame>
					<Button name="MarketFinderFavoritesButton" inherits="UIPanelButtonTemplate" text="Favorites">
						<Size>
							<AbsDimension x="100" y="22"/>
						</Size>
						<Anchors>
							<Anchor point="TOPLEFT" relativeTo="MarketFinderResultsFrame" relativePoint="BOTTOMLEFT">
								<Offset>
									<AbsDimension x="0" y="-10"/>
								</Offset>
							</Anchor>
						</Anchors>
						<Scripts>
							<OnClick>
								MarketFinder:ListFavorites()
								MarketFinderFrame:Hide()
							</OnClick>
						</Scripts>
					</Button>
					<Button name="MarketFinderHistoryButton" inherits="UIPanelButtonTemplate" text="Search History">
						<Size>
							<AbsDimension x="120" y="22"/>
						</Size>
						<Anchors>
							<Anchor point="LEFT" relativeTo="MarketFinderFavoritesButton" relativePoint="RIGHT">
								<Offset>
									<AbsDimension x="10" y="0"/>
								</Offset>
							</Anchor>
						</Anchors>
						<Scripts>
							<OnClick>
								-- Would show search history in a real implementation
								MarketFinder:Print("Search history would be displayed here.")
							</OnClick>
						</Scripts>
					</Button>
				</Frames>
			</Frame>
			
			<!-- Shopping Lists Tab -->
			<Frame name="MarketFinderShoppingFrame" hidden="true">
				<Size>
					<AbsDimension x="570" y="380"/>
				</Size>
				<Anchors>
					<Anchor point="TOPLEFT" relativeTo="MarketFinderSearchTab" relativePoint="BOTTOMLEFT">
						<Offset>
							<AbsDimension x="0" y="-10"/>
						</Offset>
					</Anchor>
				</Anchors>
				<Frames>
					<EditBox name="MarketFinderShoppingListName" inherits="InputBoxTemplate" letters="50">
						<Size>
							<AbsDimension x="200" y="20"/>
						</Size>
						<Anchors>
							<Anchor point="TOPLEFT">
								<Offset>
									<AbsDimension x="15" y="-10"/>
								</Offset>
							</Anchor>
						</Anchors>
						<Scripts>
							<OnEnterPressed>
								self:ClearFocus()
							</OnEnterPressed>
							<OnEscapePressed>
								self:ClearFocus()
							</OnEscapePressed>
						</Scripts>
					</EditBox>
					<Button name="MarketFinderCreateListButton" inherits="UIPanelButtonTemplate" text="Create List">
						<Size>
							<AbsDimension x="100" y="22"/>
						</Size>
						<Anchors>
							<Anchor point="LEFT" relativeTo="MarketFinderShoppingListName" relativePoint="RIGHT">
								<Offset>
									<AbsDimension x="10" y="0"/>
								</Offset>
							</Anchor>
						</Anchors>
						<Scripts>
							<OnClick>
								local name = MarketFinderShoppingListName:GetText()
								if name ~= "" then
									MarketFinder:CreateShoppingList(name)
									MarketFinderShoppingListName:SetText("")
								else
									MarketFinder:Print("Please enter a name for the shopping list.")
								end
							</OnClick>
						</Scripts>
					</Button>
					<Frame name="MarketFinderShoppingListsFrame">
						<Size>
							<AbsDimension x="540" y="300"/>
						</Size>
						<Anchors>
							<Anchor point="TOPLEFT" relativeTo="MarketFinderShoppingListName" relativePoint="BOTTOMLEFT">
								<Offset>
									<AbsDimension x="0" y="-15"/>
								</Offset>
							</Anchor>
						</Anchors>
						<Backdrop bgFile="Interface\Tooltips\UI-Tooltip-Background" edgeFile="Interface\Tooltips\UI-Tooltip-Border" tile="true">
							<EdgeSize>
								<AbsValue val="16"/>
							</EdgeSize>
							<TileSize>
								<AbsValue val="16"/>
							</TileSize>
							<BackgroundInsets>
								<AbsInset left="5" right="5" top="5" bottom="5"/>
							</BackgroundInsets>
						</Backdrop>
						<Layers>
							<Layer level="ARTWORK">
								<FontString name="MarketFinderShoppingListsText" inherits="GameFontNormal" text="Create a shopping list or select one from below.">
									<Anchors>
										<Anchor point="CENTER"/>
									</Anchors>
								</FontString>
							</Layer>
						</Layers>
						<Scripts>
							<OnLoad>
								self:SetBackdropColor(0, 0, 0, 0.5)
							</OnLoad>
						</Scripts>
					</Frame>
				</Frames>
			</Frame>
			
			<!-- Price Alerts Tab -->
			<Frame name="MarketFinderAlertsFrame" hidden="true">
				<Size>
					<AbsDimension x="570" y="380"/>
				</Size>
				<Anchors>
					<Anchor point="TOPLEFT" relativeTo="MarketFinderSearchTab" relativePoint="BOTTOMLEFT">
						<Offset>
							<AbsDimension x="0" y="-10"/>
						</Offset>
					</Anchor>
				</Anchors>
				<Frames>
					<EditBox name="MarketFinderAlertItemName" inherits="InputBoxTemplate" letters="100">
						<Size>
							<AbsDimension x="200" y="20"/>
						</Size>
						<Anchors>
							<Anchor point="TOPLEFT">
								<AbsDimension x="15" y="-10"/>
							</Anchor>
						</Anchors>
						<Scripts>
							<OnEnterPressed>
								self:ClearFocus()
							</OnEnterPressed>
							<OnEscapePressed>
								self:ClearFocus()
							</OnEscapePressed>
						</Scripts>
					</EditBox>
					<EditBox name="MarketFinderAlertPrice" inherits="InputBoxTemplate" numeric="true" letters="10">
						<Size>
							<AbsDimension x="100" y="20"/>
						</Size>
						<Anchors>
							<Anchor point="LEFT" relativeTo="MarketFinderAlertItemName" relativePoint="RIGHT">
								<AbsDimension x="10" y="0"/>
							</Anchor>
						</Anchors>
						<Scripts>
							<OnEnterPressed>
								self:ClearFocus()
							</OnEnterPressed>
							<OnEscapePressed>
								self:ClearFocus()
							</OnEscapePressed>
						</Scripts>
					</EditBox>
					<Button name="MarketFinderAddAlertButton" inherits="UIPanelButtonTemplate" text="Add Alert">
						<Size>
							<AbsDimension x="100" y="22"/>
						</Size>
						<Anchors>
							<Anchor point="LEFT" relativeTo="MarketFinderAlertPrice" relativePoint="RIGHT">
								<AbsDimension x="10" y="0"/>
							</Anchor>
						</Anchors>
						<Scripts>
							<OnClick>
								local item = MarketFinderAlertItemName:GetText()
								local price = MarketFinderAlertPrice:GetText()
								if item ~= "" and price ~= "" then
									MarketFinder:AddPriceAlert(item, tonumber(price))
									MarketFinderAlertItemName:SetText("")
									MarketFinderAlertPrice:SetText("")
								else
									MarketFinder:Print("Please enter both item name and price.")
								end
							</OnClick>
						</Scripts>
					</Button>
					<Frame name="MarketFinderAlertsListFrame">
						<Size>
							<AbsDimension x="540" y="300"/>
						</Size>
						<Anchors>
							<Anchor point="TOPLEFT" relativeTo="MarketFinderAlertItemName" relativePoint="BOTTOMLEFT">
								<AbsDimension x="0" y="-15"/>
							</Anchor>
						</Anchors>
						<Backdrop bgFile="Interface\Tooltips\UI-Tooltip-Background" edgeFile="Interface\Tooltips\UI-Tooltip-Border" tile="true">
							<EdgeSize>
								<AbsValue val="16"/>
							</EdgeSize>
							<TileSize>
								<AbsValue val="16"/>
							</TileSize>
							<BackgroundInsets>
								<AbsInset left="5" right="5" top="5" bottom="5"/>
							</BackgroundInsets>
						</Backdrop>
						<Layers>
							<Layer level="ARTWORK">
								<FontString name="MarketFinderAlertsListText" inherits="GameFontNormal" text="Add a price alert or view existing alerts below.">
									<Anchors>
										<Anchor point="CENTER"/>
									</Anchors>
								</FontString>
							</Layer>
						</Layers>
						<Scripts>
							<OnLoad>
								self:SetBackdropColor(0, 0, 0, 0.5)
							</OnLoad>
						</Scripts>
					</Frame>
				</Frames>
			</Frame>
			
			<!-- Auto-Buy Tab -->
			<Frame name="MarketFinderAutoBuyFrame" hidden="true">
				<Size>
					<AbsDimension x="570" y="380"/>
				</Size>
				<Anchors>
					<Anchor point="TOPLEFT" relativeTo="MarketFinderSearchTab" relativePoint="BOTTOMLEFT">
						<Offset>
							<AbsDimension x="0" y="-10"/>
						</Offset>
					</Anchor>
				</Anchors>
				<Frames>
					<EditBox name="MarketFinderAutoBuyItemName" inherits="InputBoxTemplate" letters="100">
						<Size>
							<AbsDimension x="200" y="20"/>
						</Size>
						<Anchors>
							<Anchor point="TOPLEFT">
								<AbsDimension x="15" y="-10"/>
							</Anchor>
						</Anchors>
						<Scripts>
							<OnEnterPressed>
								self:ClearFocus()
							</OnEnterPressed>
							<OnEscapePressed>
								self:ClearFocus()
							</OnEscapePressed>
						</Scripts>
					</EditBox>
					<EditBox name="MarketFinderAutoBuyPrice" inherits="InputBoxTemplate" numeric="true" letters="10">
						<Size>
							<AbsDimension x="100" y="20"/>
						</Size>
						<Anchors>
							<Anchor point="LEFT" relativeTo="MarketFinderAutoBuyItemName" relativePoint="RIGHT">
								<AbsDimension x="10" y="0"/>
							</Anchor>
						</Anchors>
						<Scripts>
							<OnEnterPressed>
								self:ClearFocus()
							</OnEnterPressed>
							<OnEscapePressed>
								self:ClearFocus()
							</OnEscapePressed>
						</Scripts>
					</EditBox>
					<Button name="MarketFinderAddAutoBuyButton" inherits="UIPanelButtonTemplate" text="Add Rule">
						<Size>
							<AbsDimension x="100" y="22"/>
						</Size>
						<Anchors>
							<Anchor point="LEFT" relativeTo="MarketFinderAutoBuyPrice" relativePoint="RIGHT">
								<AbsDimension x="10" y="0"/>
							</Anchor>
						</Anchors>
						<Scripts>
							<OnClick>
								local item = MarketFinderAutoBuyItemName:GetText()
								local price = MarketFinderAutoBuyPrice:GetText()
								if item ~= "" and price ~= "" then
									MarketFinder:AddAutoBuyRule(item, tonumber(price))
									MarketFinderAutoBuyItemName:SetText("")
									MarketFinderAutoBuyPrice:SetText("")
								else
									MarketFinder:Print("Please enter both item name and price.")
								end
							</OnClick>
						</Scripts>
					</Button>
					<Frame name="MarketFinderAutoBuyListFrame">
						<Size>
							<AbsDimension x="540" y="300"/>
						</Size>
						<Anchors>
							<Anchor point="TOPLEFT" relativeTo="MarketFinderAutoBuyItemName" relativePoint="BOTTOMLEFT">
								<AbsDimension x="0" y="-15"/>
							</Anchor>
						</Anchors>
						<Backdrop bgFile="Interface\Tooltips\UI-Tooltip-Background" edgeFile="Interface\Tooltips\UI-Tooltip-Border" tile="true">
							<EdgeSize>
								<AbsValue val="16"/>
							</EdgeSize>
							<TileSize>
								<AbsValue val="16"/>
							</TileSize>
							<BackgroundInsets>
								<AbsInset left="5" right="5" top="5" bottom="5"/>
							</BackgroundInsets>
						</Backdrop>
						<Layers>
							<Layer level="ARTWORK">
								<FontString name="MarketFinderAutoBuyListText" inherits="GameFontNormal" text="Add an auto-buy rule or view existing rules below.">
									<Anchors>
										<Anchor point="CENTER"/>
									</Anchors>
								</FontString>
							</Layer>
						</Layers>
						<Scripts>
							<OnLoad>
								self:SetBackdropColor(0, 0, 0, 0.5)
							</OnLoad>
						</Scripts>
					</Frame>
				</Frames>
			</Frame>
			
			<!-- Auto-Sell Tab --> <!-- New: Auto-Sell tab -->
			<Frame name="MarketFinderAutoSellFrame" hidden="true">
				<Size>
					<AbsDimension x="570" y="380"/>
				</Size>
				<Anchors>
					<Anchor point="TOPLEFT" relativeTo="MarketFinderSearchTab" relativePoint="BOTTOMLEFT">
						<Offset>
							<AbsDimension x="0" y="-10"/>
						</Offset>
					</Anchor>
				</Anchors>
				<Frames>
					<EditBox name="MarketFinderAutoSellItemName" inherits="InputBoxTemplate" letters="100">
						<Size>
							<AbsDimension x="200" y="20"/>
						</Size>
						<Anchors>
							<Anchor point="TOPLEFT">
								<AbsDimension x="15" y="-10"/>
							</Anchor>
						</Anchors>
						<Scripts>
							<OnEnterPressed>
								self:ClearFocus()
							</OnEnterPressed>
							<OnEscapePressed>
								self:ClearFocus()
							</OnEscapePressed>
						</Scripts>
					</EditBox>
					<EditBox name="MarketFinderAutoSellPrice" inherits="InputBoxTemplate" numeric="true" letters="10">
						<Size>
							<AbsDimension x="100" y="20"/>
						</Size>
						<Anchors>
							<Anchor point="LEFT" relativeTo="MarketFinderAutoSellItemName" relativePoint="RIGHT">
								<AbsDimension x="10" y="0"/>
							</Anchor>
						</Anchors>
						<Scripts>
							<OnEnterPressed>
								self:ClearFocus()
							</OnEnterPressed>
							<OnEscapePressed>
								self:ClearFocus()
							</OnEscapePressed>
						</Scripts>
					</EditBox>
					<Button name="MarketFinderAddAutoSellButton" inherits="UIPanelButtonTemplate" text="Add Rule">
						<Size>
							<AbsDimension x="100" y="22"/>
						</Size>
						<Anchors>
							<Anchor point="LEFT" relativeTo="MarketFinderAutoSellPrice" relativePoint="RIGHT">
								<AbsDimension x="10" y="0"/>
							</Anchor>
						</Anchors>
						<Scripts>
							<OnClick>
								local item = MarketFinderAutoSellItemName:GetText()
								local price = MarketFinderAutoSellPrice:GetText()
								if item ~= "" and price ~= "" then
									MarketFinder:AddAutoSellRule(item, tonumber(price))
									MarketFinderAutoSellItemName:SetText("")
									MarketFinderAutoSellPrice:SetText("")
								else
									MarketFinder:Print("Please enter both item name and price.")
								end
							</OnClick>
						</Scripts>
					</Button>
					<Frame name="MarketFinderAutoSellListFrame">
						<Size>
							<AbsDimension x="540" y="300"/>
						</Size>
						<Anchors>
							<Anchor point="TOPLEFT" relativeTo="MarketFinderAutoSellItemName" relativePoint="BOTTOMLEFT">
								<AbsDimension x="0" y="-15"/>
							</Anchor>
						</Anchors>
						<Backdrop bgFile="Interface\Tooltips\UI-Tooltip-Background" edgeFile="Interface\Tooltips\UI-Tooltip-Border" tile="true">
							<EdgeSize>
								<AbsValue val="16"/>
							</EdgeSize>
							<TileSize>
								<AbsValue val="16"/>
							</TileSize>
							<BackgroundInsets>
								<AbsInset left="5" right="5" top="5" bottom="5"/>
							</BackgroundInsets>
						</Backdrop>
						<Layers>
							<Layer level="ARTWORK">
								<FontString name="MarketFinderAutoSellListText" inherits="GameFontNormal" text="Add an auto-sell rule or view existing rules below.">
									<Anchors>
										<Anchor point="CENTER"/>
									</Anchors>
								</FontString>
							</Layer>
						</Layers>
						<Scripts>
							<OnLoad>
								self:SetBackdropColor(0, 0, 0, 0.5)
							</OnLoad>
						</Scripts>
					</Frame>
				</Frames>
			</Frame>
			
			<!-- Settings Tab -->
			<Frame name="MarketFinderSettingsFrame" hidden="true">
				<Size>
					<AbsDimension x="570" y="380"/>
				</Size>
				<Anchors>
					<Anchor point="TOPLEFT" relativeTo="MarketFinderSearchTab" relativePoint="BOTTOMLEFT">
						<Offset>
							<AbsDimension x="0" y="-10"/>
						</Offset>
					</Anchor>
				</Anchors>
				<Frames>
					<CheckButton name="MarketFinderAutoScanCheck" inherits="InterfaceOptionsCheckButtonTemplate">
						<Anchors>
							<Anchor point="TOPLEFT">
								<AbsDimension x="20" y="-20"/>
							</Anchor>
						</Anchors>
						<Scripts>
							<OnClick>
								local enabled = self:GetChecked()
								MarketFinder:SetAutoScan(enabled)
							</OnClick>
						</Scripts>
					</CheckButton>
					<FontString name="MarketFinderAutoScanText" inherits="GameFontNormal" text="Enable Auto Scan">
						<Anchors>
							<Anchor point="LEFT" relativeTo="MarketFinderAutoScanCheck" relativePoint="RIGHT">
								<AbsDimension x="5" y="1"/>
							</Anchor>
						</Anchors>
					</FontString>
					
					<Slider name="MarketFinderScanIntervalSlider" inherits="OptionsSliderTemplate">
						<Size>
							<AbsDimension x="200" y="17"/>
						</Size>
						<Anchors>
							<Anchor point="TOPLEFT" relativeTo="MarketFinderAutoScanCheck" relativePoint="BOTTOMLEFT">
								<AbsDimension x="0" y="-20"/>
							</Anchor>
						</Anchors>
						<Scripts>
							<OnValueChanged>
								local value = math.floor(self:GetValue())
								_G[self:GetName().."Text"]:SetText("Scan Interval: " .. value .. " minutes")
								MarketFinder:SetScanInterval(value)
							</OnValueChanged>
							<OnLoad>
								self:SetMinMaxValues(1, 120)
								self:SetValueStep(1)
								self:SetValue(30)
								_G[self:GetName().."Low"]:SetText("1")
								_G[self:GetName().."High"]:SetText("120")
								_G[self:GetName().."Text"]:SetText("Scan Interval: 30 minutes")
							</OnLoad>
						</Scripts>
					</Slider>
					
					<CheckButton name="MarketFinderMinimapCheck" inherits="InterfaceOptionsCheckButtonTemplate">
						<Anchors>
							<Anchor point="TOPLEFT" relativeTo="MarketFinderScanIntervalSlider" relativePoint="BOTTOMLEFT">
								<AbsDimension x="0" y="-30"/>
							</Anchor>
						</Anchors>
						<Scripts>
							<OnClick>
								local enabled = self:GetChecked()
								MarketFinder:SetMinimapIcon(enabled)
							</OnClick>
						</Scripts>
					</CheckButton>
					<FontString name="MarketFinderMinimapText" inherits="GameFontNormal" text="Show Minimap Icon">
						<Anchors>
							<Anchor point="LEFT" relativeTo="MarketFinderMinimapCheck" relativePoint="RIGHT">
								<AbsDimension x="5" y="1"/>
							</Anchor>
						</Anchors>
					</FontString>
					
					<!-- Auto-Buy settings -->
					<CheckButton name="MarketFinderAutoBuyCheck" inherits="InterfaceOptionsCheckButtonTemplate">
						<Anchors>
							<Anchor point="TOPLEFT" relativeTo="MarketFinderMinimapCheck" relativePoint="BOTTOMLEFT">
								<AbsDimension x="0" y="-30"/>
							</Anchor>
						</Anchors>
						<Scripts>
							<OnClick>
								local enabled = self:GetChecked()
								MarketFinder:SetAutoBuyEnabled(enabled)
							</OnClick>
						</Scripts>
					</CheckButton>
					<FontString name="MarketFinderAutoBuyText" inherits="GameFontNormal" text="Enable Auto-Buy">
						<Anchors>
							<Anchor point="LEFT" relativeTo="MarketFinderAutoBuyCheck" relativePoint="RIGHT">
								<AbsDimension x="5" y="1"/>
							</Anchor>
						</Anchors>
					</FontString>
					
					<EditBox name="MarketFinderMaxPriceEditBox" inherits="InputBoxTemplate" numeric="true" letters="10">
						<Size>
							<AbsDimension x="100" y="20"/>
						</Size>
						<Anchors>
							<Anchor point="TOPLEFT" relativeTo="MarketFinderAutoBuyCheck" relativePoint="BOTTOMLEFT">
								<AbsDimension x="20" y="-30"/>
							</Anchor>
						</Anchors>
						<Scripts>
							<OnEnterPressed>
								local price = tonumber(self:GetText())
								if price then
									MarketFinder:SetMaxAutoBuyPrice(price)
								else
									MarketFinder:Print("Please enter a valid price.")
								end
								self:ClearFocus()
							</OnEnterPressed>
							<OnEscapePressed>
								self:ClearFocus()
							</OnEscapePressed>
						</Scripts>
					</EditBox>
					<FontString name="MarketFinderMaxPriceText" inherits="GameFontNormal" text="Max Auto-Buy Price:">
						<Anchors>
							<Anchor point="RIGHT" relativeTo="MarketFinderMaxPriceEditBox" relativePoint="LEFT">
								<AbsDimension x="-10" y="1"/>
							</Anchor>
						</Anchors>
					</FontString>
					
					<EditBox name="MarketFinderStackSizeEditBox" inherits="InputBoxTemplate" numeric="true" letters="3">
						<Size>
							<AbsDimension x="50" y="20"/>
						</Size>
						<Anchors>
							<Anchor point="TOPLEFT" relativeTo="MarketFinderMaxPriceEditBox" relativePoint="BOTTOMLEFT">
								<AbsDimension x="0" y="-30"/>
							</Anchor>
						</Anchors>
						<Scripts>
							<OnEnterPressed>
								local size = tonumber(self:GetText())
								if size and size > 0 then
									MarketFinder:SetAutoBuyStackSize(size)
								else
									MarketFinder:Print("Please enter a valid stack size (greater than 0).")
								end
								self:ClearFocus()
							</OnEnterPressed>
							<OnEscapePressed>
								self:ClearFocus()
							</OnEscapePressed>
						</Scripts>
					</EditBox>
					<FontString name="MarketFinderStackSizeText" inherits="GameFontNormal" text="Auto-Buy Stack Size:">
						<Anchors>
							<Anchor point="RIGHT" relativeTo="MarketFinderStackSizeEditBox" relativePoint="LEFT">
								<AbsDimension x="-10" y="1"/>
							</Anchor>
						</Anchors>
					</FontString>
					
					<!-- New: Auto-Sell settings -->
					<CheckButton name="MarketFinderAutoSellCheck" inherits="InterfaceOptionsCheckButtonTemplate">
						<Anchors>
							<Anchor point="TOPLEFT" relativeTo="MarketFinderStackSizeEditBox" relativePoint="BOTTOMLEFT">
								<AbsDimension x="-20" y="-30"/>
							</Anchor>
						</Anchors>
						<Scripts>
							<OnClick>
								local enabled = self:GetChecked()
								MarketFinder:SetAutoSellEnabled(enabled)
							</OnClick>
						</Scripts>
					</CheckButton>
					<FontString name="MarketFinderAutoSellText" inherits="GameFontNormal" text="Enable Auto-Sell">
						<Anchors>
							<Anchor point="LEFT" relativeTo="MarketFinderAutoSellCheck" relativePoint="RIGHT">
								<AbsDimension x="5" y="1"/>
							</Anchor>
						</Anchors>
					</FontString>
					
					<EditBox name="MarketFinderMinSellPriceEditBox" inherits="InputBoxTemplate" numeric="true" letters="10">
						<Size>
							<AbsDimension x="100" y="20"/>
						</Size>
						<Anchors>
							<Anchor point="TOPLEFT" relativeTo="MarketFinderAutoSellCheck" relativePoint="BOTTOMLEFT">
								<AbsDimension x="20" y="-30"/>
							</Anchor>
						</Anchors>
						<Scripts>
							<OnEnterPressed>
								local price = tonumber(self:GetText())
								if price then
									MarketFinder:SetMinAutoSellPrice(price)
								else
									MarketFinder:Print("Please enter a valid price.")
								end
								self:ClearFocus()
							</OnEnterPressed>
							<OnEscapePressed>
								self:ClearFocus()
							</OnEscapePressed>
						</Scripts>
					</EditBox>
					<FontString name="MarketFinderMinSellPriceText" inherits="GameFontNormal" text="Min Auto-Sell Price:">
						<Anchors>
							<Anchor point="RIGHT" relativeTo="MarketFinderMinSellPriceEditBox" relativePoint="LEFT">
								<AbsDimension x="-10" y="1"/>
							</Anchor>
						</Anchors>
					</FontString>
					
					<EditBox name="MarketFinderSellStackSizeEditBox" inherits="InputBoxTemplate" numeric="true" letters="3">
						<Size>
							<AbsDimension x="50" y="20"/>
						</Size>
						<Anchors>
							<Anchor point="TOPLEFT" relativeTo="MarketFinderMinSellPriceEditBox" relativePoint="BOTTOMLEFT">
								<AbsDimension x="0" y="-30"/>
							</Anchor>
						</Anchors>
						<Scripts>
							<OnEnterPressed>
								local size = tonumber(self:GetText())
								if size and size > 0 then
									MarketFinder:SetAutoSellStackSize(size)
								else
									MarketFinder:Print("Please enter a valid stack size (greater than 0).")
								end
								self:ClearFocus()
							</OnEnterPressed>
							<OnEscapePressed>
								self:ClearFocus()
							</OnEscapePressed>
						</Scripts>
					</EditBox>
					<FontString name="MarketFinderSellStackSizeText" inherits="GameFontNormal" text="Auto-Sell Stack Size:">
						<Anchors>
							<Anchor point="RIGHT" relativeTo="MarketFinderSellStackSizeEditBox" relativePoint="LEFT">
								<AbsDimension x="-10" y="1"/>
							</Anchor>
						</Anchors>
					</FontString>
					
					<EditBox name="MarketFinderAcceptBelowEditBox" inherits="InputBoxTemplate" numeric="true" letters="3">
						<Size>
							<AbsDimension x="50" y="20"/>
						</Size>
						<Anchors>
							<Anchor point="TOPLEFT" relativeTo="MarketFinderSellStackSizeEditBox" relativePoint="BOTTOMLEFT">
								<AbsDimension x="0" y="-30"/>
							</Anchor>
						</Anchors>
						<Scripts>
							<OnEnterPressed>
								local percent = tonumber(self:GetText())
								if percent and percent > 0 and percent <= 100 then
									MarketFinder:SetAcceptBelowMarket(percent / 100)
								else
									MarketFinder:Print("Please enter a valid percentage (1-100).")
								end
								self:ClearFocus()
							</OnEnterPressed>
							<OnEscapePressed>
								self:ClearFocus()
							</OnEscapePressed>
						</Scripts>
					</EditBox>
					<FontString name="MarketFinderAcceptBelowText" inherits="GameFontNormal" text="Accept Below Market (%):">
						<Anchors>
							<Anchor point="RIGHT" relativeTo="MarketFinderAcceptBelowEditBox" relativePoint="LEFT">
								<AbsDimension x="-10" y="1"/>
							</Anchor>
						</Anchors>
					</FontString>
				</Frames>
			</Frame>
		</Frames>
		<Scripts>
			<OnLoad>
				self:RegisterForDrag("LeftButton")
			</OnLoad>
			<OnDragStart>
				self:StartMoving()
			</OnDragStart>
			<OnDragStop>
				self:StopMovingOrSizing()
			</OnDragStop>
			<OnShow>
				MarketFinder:ShowSearchTab()
			</OnShow>
			<OnHide>
				-- Clear search box when hiding
				MarketFinderSearchBox:SetText("")
			</OnHide>
		</Scripts>
	</Frame>
</Ui>